{"node": "\u5929\u603f", "offline_mins": 1268.7833333333333, "ts": 1783966037.151037}